{"max": [0.0277978, 4.07996, 4.32451], "centroid": [-1.7467457104145072, 1.1309996433937861, 2.884545977979268], "id": "b718fe66075a7c952af70677c0b21b90", "numVertices": 1544, "min": [-3.40042, -2.42887, 0.0]}
