{"max": [5.72205e-06, 16.064, 56.4962], "centroid": [-23.646895397277437, 3.5506287232693907, 21.840494481161876], "id": "b089abdb33c39321afd477f714c68df9", "numVertices": 14253, "min": [-47.6272, 0.0, 0.0]}
