{"max": [0.26, 0.904222, 0.561007], "centroid": [1.8216596900952324e-09, 0.50663399294642, 0.3675740447424674], "id": "96af52c34e42b546cd2c9316e943c316", "numVertices": 3546, "min": [-0.26, -0.00326682, -2.98023e-08]}
