{"max": [-2.20521, 0.939447, 2.58033], "centroid": [-2.571944797507782, 0.11680191588785029, 2.259460716510903], "id": "5b43111740009e719159f4cd32e8e02d", "numVertices": 321, "min": [-2.94951, -0.381348, 1.85861]}
